{
  "1:1": true,
  "6:10": true,
  "13:13": true,
  "3:0": true,
  "0:6": true,
  "0:0": true,
  "3:6": true,
  "14:1": true,
  "13:15": true,
  "10:10": true,
  "5:5": true,
  "4:11": true,
  "0:2": true,
  "9:10": true,
  "5:11": true,
  "4:5": true,
  "13:12": true,
  "3:2": true,
  "15:1": true,
  "13:14": true,
  "3:4": true,
  "0:3": true,
  "8:9": true,
  "2:1": true,
  "14:14": true,
  "5:4": true,
  "2:12": true,
  "10:9": true,
  "7:7": true,
  "5:3": true,
  "15:14": true,
  "9:9": true,
  "4:4": true,
  "10:7": true,
  "8:10": true,
  "7:9": true,
  "6:8": true,
  "3:5": true,
  "15:12": true,
  "14:15": true,
  "13:1": true,
  "4:2": true,
  "15:15": true,
  "14:12": true,
  "9:7": true,
  "3:11": true,
  "5:2": true,
  "0:5": true,
  "7:8": true,
  "4:6": true,
  "5:0": true,
  "5:6": true,
  "4:0": true,
  "15:13": true,
  "10:8": true,
  "6:7": true,
  "9:8": true,
  "14:13": true,
  "1:11": true,
  "1:5": true,
  "11:8": true,
  "13:6": true,
  "13:0": true,
  "12:8": true,
  "14:11": true,
  "4:1": true,
  "3:12": true,
  "11:9": true,
  "15:5": true,
  "14:5": true,
  "5:1": true,
  "15:11": true,
  "12:9": true,
  "11:7": true,
  "2:5": true,
  "13:4": true,
  "12:7": true,
  "2:11": true,
  "15:4": true,
  "14:3": true,
  "1:6": true,
  "11:10": true,
  "12:10": true,
  "2:2": true,
  "15:3": true,
  "1:0": true,
  "14:4": true,
  "5:12": true,
  "2:4": true,
  "14:2": true,
  "13:11": true,
  "0:1": true,
  "15:2": true,
  "4:12": true,
  "3:1": true,
  "13:5": true,
  "15:0": true,
  "14:6": true,
  "1:3": true,
  "1:4": true,
  "15:6": true,
  "14:0": true,
  "2:0": true,
  "5:13": true,
  "1:2": true,
  "4:13": 171,
  "2:6": true,
  "15:9": true,
  "12:11": true,
  "9:14": true,
  "11:5": true,
  "2:7": true,
  "7:12": true,
  "12:5": true,
  "10:14": true,
  "7:15": [
    158,
    170
  ],
  "14:9": true,
  "11:11": true,
  "10:12": true,
  "6:13": true,
  "2:9": true,
  "15:7": true,
  "9:15": true,
  "14:7": true,
  "9:12": true,
  "8:1": [
    155,
    157
  ],
  "13:10": true,
  "10:15": true,
  "7:14": true,
  "1:8": true,
  "7:13": true,
  "2:8": true,
  "6:14": [
    157,
    158
  ],
  "1:9": true,
  "15:8": true,
  "10:13": true,
  "6:12": true,
  "1:7": true,
  "14:8": true,
  "9:13": true,
  "11:0": true,
  "12:6": true,
  "8:13": true,
  "13:8": true,
  "12:0": true,
  "6:1": true,
  "12:3": true,
  "11:4": true,
  "9:1": [
    162,
    202
  ],
  "15:10": true,
  "14:10": true,
  "13:7": true,
  "12:4": true,
  "11:3": [
    172,
    202
  ],
  "8:15": true,
  "2:10": true,
  "11:2": [
    180,
    195
  ],
  "8:14": true,
  "13:9": true,
  "7:1": true,
  "12:1": [
    148,
    151
  ],
  "9:3": true,
  "6:0": true,
  "10:4": true,
  "10:3": true,
  "7:2": true,
  "6:6": true,
  "4:9": true,
  "9:4": true,
  "8:5": true,
  "5:7": true,
  "3:10": true,
  "7:4": true,
  "9:2": true,
  "8:11": true,
  "4:7": true,
  "10:2": [
    162,
    202
  ],
  "0:10": true,
  "7:3": true,
  "6:4": true,
  "6:3": true,
  "7:0": true,
  "5:8": true,
  "6:2": true,
  "7:6": true,
  "4:8": true,
  "6:5": true,
  "3:8": true,
  "0:8": true,
  "6:11": true,
  "11:13": true,
  "8:0": [
    162,
    202
  ],
  "8:6": true,
  "12:13": true,
  "12:14": true,
  "10:5": true,
  "9:11": true,
  "5:10": true,
  "3:7": true,
  "10:11": true,
  "9:5": true,
  "4:10": true,
  "11:14": true,
  "8:2": true,
  "0:7": true,
  "12:15": true,
  "11:12": true,
  "8:4": true,
  "7:5": true,
  "3:9": true,
  "12:12": true,
  "11:15": true,
  "8:3": true,
  "0:9": true,
  "7:11": true
}
