{
  "12:11": true,
  "8:8": true,
  "13:13": true,
  "11:11": true,
  "10:12": true,
  "13:15": true,
  "10:10": true,
  "8:7": true,
  "5:5": 167,
  "9:10": true,
  "4:5": true,
  "13:12": true,
  "13:14": true,
  "8:9": true,
  "7:10": true,
  "14:14": true,
  "5:4": true,
  "7:7": true,
  "5:3": true,
  "15:14": true,
  "9:9": true,
  "6:1": true,
  "4:4": true,
  "8:10": true,
  "7:9": true,
  "6:8": true,
  "15:12": true,
  "14:15": true,
  "15:15": true,
  "14:12": true,
  "5:2": true,
  "7:8": true,
  "6:9": [
    163,
    166
  ],
  "4:6": true,
  "5:6": [
    166,
    167
  ],
  "15:13": true,
  "6:7": true,
  "9:8": true,
  "7:1": true,
  "14:13": true,
  "6:0": true,
  "7:2": true,
  "6:6": true,
  "5:7": [
    165,
    166
  ],
  "7:4": true,
  "9:2": true,
  "8:11": 165,
  "4:7": true,
  "7:3": true,
  "14:11": true,
  "6:4": true,
  "6:3": true,
  "7:0": true,
  "5:8": [
    163,
    165
  ],
  "6:2": true,
  "7:6": true,
  "11:10": true,
  "6:5": true,
  "12:10": true,
  "11:13": true,
  "13:11": true,
  "12:13": true,
  "12:14": true,
  "9:11": true,
  "10:11": true,
  "8:2": true,
  "11:12": true,
  "8:4": true,
  "7:5": true,
  "12:12": true,
  "8:3": true
}
