{
  "1:1": 146,
  "10:10": true,
  "9:10": true,
  "3:2": 146,
  "2:1": 145,
  "4:3": 145,
  "2:12": [
    143,
    144
  ],
  "2:15": 161,
  "9:9": true,
  "4:2": 145,
  "15:15": true,
  "5:2": 145,
  "2:14": 136,
  "1:13": [
    137,
    139
  ],
  "2:13": 142,
  "1:14": 136,
  "5:0": [
    167,
    169
  ],
  "4:0": [
    168,
    169
  ],
  "1:12": [
    140,
    146
  ],
  "6:0": [
    166,
    167
  ],
  "3:13": [
    143,
    146
  ],
  "0:13": 137,
  "4:1": 145,
  "0:12": [
    143,
    147
  ],
  "5:14": [
    144,
    145
  ],
  "2:2": 146,
  "3:1": 145,
  "12:13": true,
  "12:14": true,
  "9:11": true,
  "11:14": true,
  "1:2": true,
  "11:15": true,
  "4:13": [
    144,
    146
  ]
}
