{
  "12:1": true,
  "1:1": true,
  "11:5": true,
  "10:4": true,
  "2:7": 115,
  "12:5": true,
  "11:1": true,
  "3:0": true,
  "13:0": true,
  "8:1": true,
  "3:6": true,
  "14:1": true,
  "13:2": true,
  "8:7": true,
  "9:6": true,
  "4:1": true,
  "0:2": true,
  "14:5": true,
  "10:6": true,
  "5:1": true,
  "4:5": true,
  "15:1": true,
  "13:3": true,
  "3:4": true,
  "2:5": true,
  "13:4": true,
  "3:3": true,
  "2:1": true,
  "15:4": true,
  "14:3": true,
  "12:6": true,
  "7:7": true,
  "2:2": true,
  "15:3": true,
  "6:1": true,
  "14:4": true,
  "11:6": true,
  "4:4": true,
  "10:7": true,
  "3:5": true,
  "2:4": true,
  "14:2": true,
  "13:1": true,
  "0:1": true,
  "9:7": true,
  "3:1": true,
  "13:5": true,
  "2:3": true,
  "12:3": true,
  "11:4": true,
  "10:5": true,
  "15:0": true,
  "9:1": true,
  "4:6": true,
  "3:7": true,
  "1:3": true,
  "10:1": true,
  "9:5": true,
  "12:4": true,
  "14:0": true,
  "2:0": true,
  "12:2": true,
  "1:2": true,
  "6:7": true,
  "7:1": true
}
