{
  "12:11": true,
  "1:11": true,
  "3:13": true,
  "13:13": true,
  "6:13": true,
  "13:0": true,
  "14:11": true,
  "14:1": true,
  "13:15": true,
  "7:13": true,
  "15:11": true,
  "15:1": true,
  "9:0": true,
  "1:9": true,
  "15:8": true,
  "10:13": true,
  "14:8": true,
  "9:13": true,
  "8:13": true,
  "1:10": true,
  "13:8": true,
  "0:8": 130,
  "11:13": true,
  "14:15": true,
  "13:11": true,
  "15:15": true,
  "15:2": true,
  "12:13": true,
  "1:13": true,
  "15:0": true,
  "2:13": true,
  "14:0": true,
  "15:13": true,
  "12:15": true,
  "5:13": true,
  "1:15": true,
  "14:13": true,
  "4:13": true
}
