{
  "12:11": true,
  "9:14": 213,
  "1:1": true,
  "10:14": 214,
  "13:15": true,
  "10:10": 127,
  "0:2": true,
  "7:13": true,
  "6:14": true,
  "1:9": true,
  "13:14": 127,
  "10:13": 215,
  "9:13": 214,
  "14:14": 127,
  "15:14": true,
  "15:12": 127,
  "14:15": 127,
  "3:11": 127,
  "8:12": true,
  "13:7": 127,
  "15:13": true,
  "2:10": true,
  "14:13": true,
  "12:8": 127,
  "11:9": 127,
  "15:5": 127,
  "5:14": true,
  "0:8": 127,
  "1:0": true,
  "4:12": true,
  "5:15": [
    127,
    208
  ],
  "14:6": 127,
  "9:11": 127,
  "11:14": true,
  "12:15": true,
  "5:13": 127
}
