{
  "15:9": true,
  "12:11": true,
  "9:14": true,
  "13:13": true,
  "12:5": true,
  "10:14": true,
  "14:9": true,
  "11:11": true,
  "10:12": true,
  "11:8": true,
  "13:6": true,
  "9:15": true,
  "14:7": true,
  "9:12": true,
  "8:11": true,
  "8:1": true,
  "13:10": true,
  "10:15": true,
  "12:8": true,
  "14:11": true,
  "13:15": true,
  "10:10": true,
  "11:9": true,
  "15:5": true,
  "14:5": true,
  "9:10": true,
  "13:12": true,
  "15:11": true,
  "12:9": true,
  "15:8": true,
  "13:14": true,
  "11:7": true,
  "10:13": true,
  "8:9": true,
  "13:4": true,
  "12:7": true,
  "14:8": true,
  "9:13": true,
  "15:4": true,
  "14:3": true,
  "14:14": true,
  "12:6": true,
  "8:13": true,
  "10:9": true,
  "12:10": true,
  "13:8": true,
  "15:3": true,
  "15:14": true,
  "9:9": true,
  "14:4": true,
  "11:6": true,
  "10:7": true,
  "8:10": true,
  "15:12": true,
  "14:15": true,
  "13:11": true,
  "15:2": true,
  "15:15": true,
  "14:12": true,
  "13:5": true,
  "14:6": true,
  "12:14": true,
  "9:11": true,
  "8:12": true,
  "15:10": true,
  "14:10": true,
  "10:11": true,
  "13:7": true,
  "8:15": true,
  "15:6": true,
  "15:13": [
    155,
    215
  ],
  "12:15": true,
  "11:12": true,
  "10:8": true,
  "12:12": true,
  "11:15": true,
  "8:14": true,
  "8:3": true,
  "13:9": true,
  "9:8": true,
  "14:13": true
}
