{
  "15:9": true,
  "1:1": true,
  "2:7": true,
  "13:13": true,
  "12:5": true,
  "10:14": 170,
  "14:9": true,
  "15:7": true,
  "3:0": true,
  "9:15": true,
  "0:0": true,
  "14:7": true,
  "9:12": true,
  "8:1": true,
  "3:6": true,
  "13:10": true,
  "10:15": [
    170,
    207
  ],
  "1:8": true,
  "14:1": true,
  "13:15": true,
  "8:7": true,
  "5:5": true,
  "0:2": true,
  "2:8": true,
  "9:10": true,
  "4:5": true,
  "13:12": true,
  "3:2": true,
  "15:1": true,
  "15:8": true,
  "13:14": true,
  "3:4": true,
  "0:3": true,
  "8:9": true,
  "3:3": true,
  "1:7": true,
  "0:4": true,
  "14:8": true,
  "2:1": true,
  "11:0": true,
  "14:14": true,
  "4:3": true,
  "8:13": true,
  "5:4": true,
  "5:3": true,
  "13:8": true,
  "12:0": true,
  "15:14": true,
  "4:4": true,
  "10:7": true,
  "8:10": true,
  "3:5": true,
  "15:12": true,
  "14:15": true,
  "13:1": true,
  "4:2": true,
  "15:15": true,
  "14:12": true,
  "9:7": true,
  "5:2": true,
  "2:14": [
    151,
    168
  ],
  "11:4": true,
  "9:1": true,
  "8:12": true,
  "4:6": true,
  "1:14": [
    151,
    168
  ],
  "15:10": true,
  "5:0": true,
  "14:10": true,
  "10:1": true,
  "5:6": true,
  "13:7": true,
  "8:15": true,
  "4:0": true,
  "15:13": true,
  "10:8": true,
  "13:9": true,
  "14:13": true,
  "6:0": true,
  "9:3": true,
  "10:4": true,
  "10:3": true,
  "1:5": true,
  "9:4": true,
  "8:5": true,
  "5:7": true,
  "13:6": true,
  "9:2": true,
  "13:0": true,
  "4:7": true,
  "10:2": true,
  "14:11": true,
  "13:2": true,
  "9:6": true,
  "4:1": true,
  "15:5": true,
  "10:0": true,
  "14:5": true,
  "10:6": true,
  "5:1": true,
  "15:11": true,
  "9:0": true,
  "7:0": true,
  "13:3": true,
  "2:5": true,
  "0:14": [
    154,
    165
  ],
  "5:8": true,
  "13:4": true,
  "3:14": [
    151,
    169
  ],
  "6:2": true,
  "4:8": true,
  "15:4": true,
  "14:3": true,
  "4:14": [
    151,
    169
  ],
  "1:6": true,
  "3:8": true,
  "5:14": [
    151,
    169
  ],
  "2:2": true,
  "0:8": true,
  "15:3": true,
  "1:0": true,
  "14:4": true,
  "2:4": true,
  "8:0": true,
  "14:2": true,
  "13:11": true,
  "4:15": 170,
  "15:2": true,
  "8:6": true,
  "3:1": true,
  "13:5": true,
  "5:15": 170,
  "2:3": true,
  "15:0": true,
  "14:6": true,
  "10:5": true,
  "3:7": true,
  "1:3": true,
  "9:5": true,
  "11:14": true,
  "8:2": true,
  "1:4": true,
  "15:6": true,
  "14:0": true,
  "2:0": true,
  "8:4": true,
  "1:2": true,
  "8:3": true,
  "2:6": true
}
