{
  "12:11": 147,
  "13:13": [
    148,
    149
  ],
  "11:11": 148,
  "2:9": [
    155,
    239
  ],
  "2:8": 154,
  "1:9": [
    154,
    239
  ],
  "13:14": 148,
  "14:14": 147,
  "1:10": 238,
  "15:14": 146,
  "15:12": 243,
  "14:15": [
    148,
    149
  ],
  "14:12": 145,
  "2:14": [
    175,
    176
  ],
  "1:14": [
    174,
    175
  ],
  "15:13": 145,
  "2:10": 238,
  "14:13": 146,
  "1:11": 237,
  "4:9": 240,
  "5:7": 153,
  "3:10": [
    238,
    239
  ],
  "0:10": 153,
  "9:6": 152,
  "15:11": true,
  "3:14": [
    175,
    176
  ],
  "2:11": [
    236,
    237
  ],
  "4:14": 175,
  "0:8": true,
  "3:9": 240,
  "12:12": 148,
  "0:9": 153
}
