{
  "15:9": 127,
  "6:13": true,
  "9:12": true,
  "8:1": true,
  "14:1": 127,
  "7:13": true,
  "6:12": true,
  "2:12": true,
  "6:1": true,
  "13:1": 127,
  "5:2": true,
  "1:13": [
    170,
    171
  ],
  "12:3": 127,
  "11:4": 127,
  "9:1": true,
  "8:12": true,
  "2:13": 169,
  "14:10": 127,
  "11:3": 127,
  "12:2": 127,
  "11:2": true,
  "7:1": true,
  "9:3": true,
  "3:13": true,
  "10:3": true,
  "7:2": true,
  "9:2": true,
  "13:0": 127,
  "10:2": true,
  "13:2": 127,
  "3:12": true,
  "0:12": [
    129,
    133
  ],
  "9:0": true,
  "7:0": 127,
  "3:14": [
    145,
    173
  ],
  "6:2": true,
  "4:14": [
    145,
    174
  ],
  "5:14": true,
  "5:12": true,
  "8:0": true,
  "15:0": 127,
  "8:2": true,
  "14:0": 127,
  "5:13": true,
  "8:3": true
}
