{
  "15:9": true,
  "1:1": [
    129,
    144
  ],
  "11:5": true,
  "6:10": [
    129,
    132
  ],
  "12:5": true,
  "14:9": true,
  "15:7": true,
  "3:0": [
    141,
    143
  ],
  "0:6": [
    129,
    148
  ],
  "0:0": true,
  "14:7": true,
  "8:1": true,
  "3:6": true,
  "13:10": true,
  "10:10": true,
  "5:5": [
    139,
    140
  ],
  "0:2": true,
  "9:10": true,
  "4:5": [
    139,
    140
  ],
  "3:2": [
    141,
    143
  ],
  "15:8": true,
  "3:4": true,
  "0:3": true,
  "7:10": [
    129,
    132
  ],
  "3:3": true,
  "0:4": [
    129,
    148
  ],
  "14:8": true,
  "2:1": [
    129,
    144
  ],
  "12:6": true,
  "4:3": [
    139,
    140
  ],
  "10:9": true,
  "13:8": true,
  "9:9": true,
  "6:1": true,
  "11:6": true,
  "4:4": [
    139,
    140
  ],
  "10:7": true,
  "8:10": true,
  "3:5": true,
  "4:2": [
    111,
    140
  ],
  "0:11": [
    129,
    152
  ],
  "9:7": true,
  "5:2": [
    111,
    120
  ],
  "0:5": [
    129,
    148
  ],
  "12:3": true,
  "11:4": true,
  "9:1": true,
  "4:6": true,
  "15:10": true,
  "5:0": true,
  "14:10": true,
  "10:1": true,
  "5:6": 141,
  "13:7": true,
  "12:4": true,
  "11:3": true,
  "4:0": [
    141,
    143
  ],
  "10:8": true,
  "13:9": true,
  "9:8": true,
  "7:1": true,
  "9:3": true,
  "6:0": true,
  "1:11": true,
  "10:4": true,
  "5:9": [
    111,
    179
  ],
  "10:3": true,
  "1:5": 144,
  "6:6": [
    141,
    168
  ],
  "4:9": [
    111,
    177
  ],
  "9:4": true,
  "8:5": true,
  "3:10": true,
  "7:4": true,
  "13:6": true,
  "9:2": true,
  "10:2": true,
  "0:10": [
    129,
    132
  ],
  "7:3": true,
  "9:6": true,
  "4:1": [
    129,
    140
  ],
  "15:5": true,
  "10:0": true,
  "14:5": true,
  "10:6": true,
  "5:1": true,
  "9:0": true,
  "6:3": true,
  "7:0": true,
  "13:3": true,
  "2:5": 144,
  "5:8": [
    173,
    179
  ],
  "13:4": true,
  "7:6": true,
  "4:8": true,
  "15:4": true,
  "14:3": true,
  "1:6": 144,
  "6:5": [
    139,
    168
  ],
  "2:2": 144,
  "0:8": [
    129,
    132
  ],
  "15:3": true,
  "1:0": true,
  "14:4": true,
  "2:4": 144,
  "8:0": true,
  "0:1": true,
  "8:6": true,
  "3:1": [
    129,
    143
  ],
  "13:5": true,
  "2:3": 144,
  "14:6": true,
  "10:5": true,
  "5:10": [
    129,
    132
  ],
  "1:3": 144,
  "9:5": true,
  "4:10": [
    129,
    132
  ],
  "8:2": true,
  "1:4": 144,
  "0:7": [
    129,
    132
  ],
  "15:6": true,
  "2:0": 144,
  "8:4": true,
  "1:2": 144,
  "7:5": true,
  "8:3": true,
  "0:9": [
    108,
    132
  ],
  "2:6": true
}
