{
  "15:9": true,
  "3:13": true,
  "7:15": true,
  "6:13": true,
  "9:15": true,
  "8:11": true,
  "10:15": true,
  "12:8": 130,
  "1:8": true,
  "4:1": true,
  "4:11": true,
  "11:9": true,
  "7:13": true,
  "2:8": true,
  "5:11": true,
  "3:15": true,
  "15:8": [
    129,
    131
  ],
  "10:13": true,
  "6:15": true,
  "14:8": [
    130,
    131
  ],
  "9:13": true,
  "8:13": true,
  "13:8": [
    130,
    131
  ],
  "0:8": true,
  "6:11": true,
  "11:13": true,
  "4:15": true,
  "5:15": true,
  "9:11": true,
  "10:11": true,
  "8:15": true,
  "5:13": true,
  "3:9": true,
  "11:15": true,
  "0:9": true,
  "7:11": true,
  "4:13": true
}
