{
  "15:9": [
    211,
    214
  ],
  "9:14": true,
  "10:14": true,
  "2:2": true,
  "11:1": true,
  "11:13": true,
  "15:12": 206,
  "15:7": [
    127,
    216
  ],
  "14:2": true,
  "14:15": 127,
  "9:15": true,
  "0:1": true,
  "15:15": [
    202,
    203
  ],
  "15:2": true,
  "3:1": true,
  "12:13": true,
  "14:6": true,
  "13:2": true,
  "13:15": 127,
  "12:14": true,
  "0:2": true,
  "15:10": 209,
  "11:14": true,
  "8:15": true,
  "15:11": true,
  "15:1": true,
  "15:8": [
    214,
    215
  ],
  "13:14": true,
  "12:2": true,
  "11:12": true,
  "10:13": true,
  "1:2": true,
  "14:8": 214
}
