{
  "11:5": [
    192,
    193
  ],
  "12:5": [
    188,
    189
  ],
  "8:7": 185,
  "4:11": 204,
  "2:12": [
    159,
    183
  ],
  "7:7": [
    200,
    201
  ],
  "11:6": [
    189,
    192
  ],
  "10:7": [
    190,
    191
  ],
  "9:7": 186,
  "3:11": 183,
  "2:14": 185,
  "12:3": 193,
  "11:4": 195,
  "6:9": 202,
  "4:6": 179,
  "2:13": 184,
  "1:14": [
    184,
    185
  ],
  "12:4": [
    188,
    193
  ],
  "1:15": 185,
  "10:8": 191,
  "11:2": 221,
  "10:4": 196,
  "5:9": 203,
  "10:3": [
    220,
    221
  ],
  "4:9": [
    182,
    183
  ],
  "8:5": 201,
  "3:10": 182,
  "4:7": true,
  "9:6": [
    184,
    185
  ],
  "3:12": 184,
  "13:3": [
    191,
    192
  ],
  "0:14": 207,
  "4:8": [
    181,
    182
  ],
  "14:3": 190,
  "14:2": 191,
  "15:2": true,
  "8:6": 200,
  "10:5": 185,
  "5:10": 203,
  "4:10": [
    183,
    204
  ],
  "8:4": 162,
  "7:5": 162
}
